{
  "mAP@0.5": 0.8068640472179507,
  "mAP@0.5:0.95": 0.5819271776460195,
  "mAP@0.75": 0.6448962889484688,
  "precision": 0.772088559516119,
  "recall": 0.7529904719458431
}